,,,,,,,,,,,
Line,Direction,Station from (A),Station to (B),Un-impeded Running Time (Mins),AM peak (0700-1000) Running Time (Mins),Inter peak (1000 - 1600) Running time (mins),Average Running Time (Mins),,,,
Bakerloo ,Southbound,BAKER STREET,REGENTS PARK,1.68,2.00,2.00,1.89,,,,
Bakerloo ,Southbound,REGENTS PARK,OXFORD CIRCUS,1.85,2.00,2.00,1.95,,,,
Bakerloo ,Southbound,OXFORD CIRCUS,PICCADILLY CIRCUS,1.95,2.48,2.48,2.31,,,,
Bakerloo ,Southbound,PICCADILLY CIRCUS,CHARING CROSS,1.35,1.50,1.50,1.45,,,,
Bakerloo ,Southbound,CHARING CROSS,EMBANKMENT,0.95,1.50,1.50,1.32,,,,
Bakerloo ,Northbound,EMBANKMENT,CHARING CROSS,0.97,1.00,1.00,0.99,,,,
Bakerloo ,Northbound,CHARING CROSS,PICCADILLY CIRCUS,1.60,2.00,2.00,1.87,,,,
Bakerloo ,Northbound,PICCADILLY CIRCUS,OXFORD CIRCUS,2.02,2.19,2.19,2.13,,,,
Bakerloo ,Northbound,OXFORD CIRCUS,REGENTS PARK,1.72,2.00,2.00,1.91,,,,
Bakerloo ,Northbound,REGENTS PARK,BAKER STREET,1.65,2.00,2.00,1.88,,,,
Central ,Eastbound,SHEPHERDS BUSH,HOLLAND PARK,1.37,1.75,1.75,1.62,,,,
Central ,Eastbound,HOLLAND PARK,NOTTING HILL GATE,1.08,1.50,1.50,1.36,,,,
Central ,Eastbound,NOTTING HILL GATE,QUEENSWAY,1.17,1.50,1.50,1.39,,,,
Central ,Eastbound,QUEENSWAY,LANCASTER GATE,1.35,1.50,1.50,1.45,,,,
Central ,Eastbound,LANCASTER GATE,MARBLE ARCH,1.92,2.71,2.50,2.38,,,,
Central ,Eastbound,MARBLE ARCH,BOND STREET,1.00,1.25,1.25,1.17,,,,
Central ,Eastbound,BOND STREET,OXFORD CIRCUS,1.10,1.50,1.50,1.37,,,,
Central ,Eastbound,OXFORD CIRCUS,TOTTENHAM COURT ROAD,0.98,1.50,1.50,1.33,,,,
Central ,Eastbound,TOTTENHAM COURT ROAD,HOLBORN,1.63,2.21,2.01,1.95,,,,
Central ,Eastbound,HOLBORN,CHANCERY LANE,0.87,1.00,1.00,0.96,,,,
Central ,Eastbound,CHANCERY LANE,ST PAULS,1.52,2.00,2.00,1.84,,,,
Central ,Eastbound,ST PAULS,BANK,1.62,2.00,2.00,1.87,,,,
Central ,Eastbound,BANK,LIVERPOOL STREET,1.62,2.25,2.25,2.04,,,,
Central ,Westbound,LIVERPOOL STREET,BANK,1.65,2.00,2.00,1.88,,,,
Central ,Westbound,BANK,ST PAULS,1.63,2.00,2.00,1.88,,,,
Central ,Westbound,ST PAULS,CHANCERY LANE,1.52,1.75,1.75,1.67,,,,
Central ,Westbound,CHANCERY LANE,HOLBORN,0.85,1.46,1.25,1.19,,,,
Central ,Westbound,HOLBORN,TOTTENHAM COURT ROAD,1.38,1.75,1.75,1.63,,,,
Central ,Westbound,TOTTENHAM COURT ROAD,OXFORD CIRCUS,1.02,1.50,1.50,1.34,,,,
Central ,Westbound,OXFORD CIRCUS,BOND STREET,1.03,1.25,1.25,1.18,,,,
Central ,Westbound,BOND STREET,MARBLE ARCH,1.02,1.66,1.50,1.39,,,,
Central ,Westbound,MARBLE ARCH,LANCASTER GATE,1.62,2.00,2.00,1.87,,,,
Central ,Westbound,LANCASTER GATE,QUEENSWAY,1.65,1.75,1.75,1.72,,,,
Central ,Westbound,QUEENSWAY,NOTTING HILL GATE,1.18,1.50,1.50,1.39,,,,
Central ,Westbound,NOTTING HILL GATE,HOLLAND PARK,1.18,1.50,1.50,1.39,,,,
Central ,Westbound,HOLLAND PARK,SHEPHERDS BUSH,1.52,1.75,1.75,1.67,,,,
Victoria,Southbound,WALTHAMSTOW CENTRAL,BLACKHORSE ROAD,2.12,2.00,2.00,2.04,,,,
Victoria,Southbound,BLACKHORSE ROAD,TOTTENHAM HALE,1.90,2.36,2.00,2.09,,,,
Victoria,Southbound,TOTTENHAM HALE,SEVEN SISTERS,2.00,2.77,3.28,2.68,,,,
Victoria,Southbound,SEVEN SISTERS,FINSBURY PARK,3.77,4.00,4.00,3.92,,,,
Victoria,Southbound,FINSBURY PARK,HIGHBURY & ISLINGTON,2.90,2.89,2.55,2.78,,,,
Victoria,Southbound,HIGHBURY & ISLINGTON,KINGS CROSS & ST PANCRAS INTERNATIONAL,2.77,3.50,3.50,3.26,,,,
Victoria,Southbound,KINGS CROSS & ST PANCRAS INTERNATIONAL,EUSTON,1.32,1.92,1.50,1.58,,,,
Victoria,Southbound,EUSTON,WARREN STREET,1.30,1.50,1.50,1.43,,,,
Victoria,Southbound,WARREN STREET,OXFORD CIRCUS,1.72,2.44,2.00,2.05,,,,
Victoria,Southbound,OXFORD CIRCUS,GREEN PARK,1.78,2.00,2.04,1.94,,,,
Victoria,Southbound,GREEN PARK,VICTORIA,1.88,2.50,2.54,2.31,,,,
Victoria,Southbound,VICTORIA,PIMLICO,1.83,2.00,2.00,1.94,,,,
Victoria,Southbound,PIMLICO,VAUXHALL,1.40,1.50,1.54,1.48,,,,
Victoria,Southbound,VAUXHALL,STOCKWELL,2.30,2.94,2.52,2.59,,,,
Victoria,Southbound,STOCKWELL,BRIXTON,2.03,2.50,2.50,2.34,,,,
Victoria,Northbound,BRIXTON,STOCKWELL,2.18,2.45,2.00,2.21,,,,
Victoria,Northbound,STOCKWELL,VAUXHALL,2.23,2.50,2.50,2.41,,,,
Victoria,Northbound,VAUXHALL,PIMLICO,1.37,1.50,1.50,1.46,,,,
Victoria,Northbound,PIMLICO,VICTORIA,2.18,2.97,2.51,2.55,,,,
Victoria,Northbound,VICTORIA,GREEN PARK,1.95,2.00,2.00,1.98,,,,
Victoria,Northbound,GREEN PARK,OXFORD CIRCUS,1.97,2.47,2.02,2.16,,,,
Victoria,Northbound,OXFORD CIRCUS,WARREN STREET,1.53,2.48,2.04,2.02,,,,
Victoria,Northbound,WARREN STREET,EUSTON,1.32,1.50,1.50,1.44,,,,
Victoria,Northbound,EUSTON,KINGS CROSS & ST PANCRAS INTERNATIONAL,1.35,2.00,2.00,1.78,,,,
Victoria,Northbound,KINGS CROSS & ST PANCRAS INTERNATIONAL,HIGHBURY & ISLINGTON,2.87,3.00,3.00,2.96,,,,
Victoria,Northbound,HIGHBURY & ISLINGTON,FINSBURY PARK,2.40,2.97,2.56,2.65,,,,
Victoria,Northbound,FINSBURY PARK,SEVEN SISTERS,4.25,5.34,5.76,5.12,,,,
Victoria,Northbound,SEVEN SISTERS,TOTTENHAM HALE,1.60,1.50,1.50,1.53,,,,
Victoria,Northbound,TOTTENHAM HALE,BLACKHORSE ROAD,1.97,2.50,2.50,2.32,,,,
Victoria,Northbound,BLACKHORSE ROAD,WALTHAMSTOW CENTRAL,2.12,2.04,2.01,2.06,,,,
Jubilee ,Eastbound,STANMORE,CANONS PARK,1.95,2.00,2.00,1.98,,,,
Jubilee ,Eastbound,CANONS PARK,QUEENSBURY,1.93,2.50,2.50,2.31,,,,
Jubilee ,Eastbound,QUEENSBURY,KINGSBURY,1.72,2.00,2.00,1.91,,,,
Jubilee ,Eastbound,KINGSBURY,WEMBLEY PARK,3.47,4.73,4.56,4.25,,,,
Jubilee ,Eastbound,WEMBLEY PARK,NEASDEN,2.60,3.03,3.01,2.88,,,,
Jubilee ,Eastbound,NEASDEN,DOLLIS HILL,1.43,1.50,1.50,1.48,,,,
Jubilee ,Eastbound,DOLLIS HILL,WILLESDEN GREEN,1.80,2.11,2.14,2.02,,,,
Jubilee ,Eastbound,WILLESDEN GREEN,KILBURN,1.68,2.00,2.00,1.89,,,,
Jubilee ,Eastbound,KILBURN,WEST HAMPSTEAD,1.63,2.50,2.00,2.04,,,,
Jubilee ,Eastbound,WEST HAMPSTEAD,FINCHLEY ROAD,1.25,1.50,1.50,1.42,,,,
Jubilee ,Eastbound,FINCHLEY ROAD,SWISS COTTAGE,1.18,1.50,1.50,1.39,,,,
Jubilee ,Eastbound,SWISS COTTAGE,ST JOHNS WOOD,1.52,2.00,2.00,1.84,,,,
Jubilee ,Eastbound,ST JOHNS WOOD,BAKER STREET,2.77,3.50,3.50,3.26,,,,
Jubilee ,Eastbound,BAKER STREET,BOND STREET,2.10,2.50,2.50,2.37,,,,
Jubilee ,Eastbound,BOND STREET,GREEN PARK,1.78,2.50,2.50,2.26,,,,
Jubilee ,Eastbound,GREEN PARK,WESTMINSTER,1.87,2.50,2.50,2.29,,,,
Jubilee ,Eastbound,WESTMINSTER,WATERLOO,1.38,2.00,2.00,1.79,,,,
Jubilee ,Eastbound,WATERLOO,SOUTHWARK,1.02,1.00,1.00,1.01,,,,
Jubilee ,Eastbound,SOUTHWARK,LONDON BRIDGE,1.65,2.50,2.50,2.22,,,,
Jubilee ,Eastbound,LONDON BRIDGE,BERMONDSEY,2.25,2.50,2.50,2.42,,,,
Jubilee ,Eastbound,BERMONDSEY,CANADA WATER,1.48,2.00,2.00,1.83,,,,
Jubilee ,Eastbound,CANADA WATER,CANARY WHARF,2.50,3.00,3.02,2.84,,,,
Jubilee ,Eastbound,CANARY WHARF,NORTH GREENWICH,2.23,3.19,3.49,2.97,,,,
Jubilee ,Eastbound,NORTH GREENWICH,CANNING TOWN,2.15,2.50,2.50,2.38,,,,
Jubilee ,Eastbound,CANNING TOWN,WEST HAM,2.15,2.93,2.58,2.55,,,,
Jubilee ,Eastbound,WEST HAM,STRATFORD,3.15,4.90,3.77,3.94,,,,
Jubilee ,Westbound,STRATFORD,WEST HAM,2.42,3.50,3.12,3.01,,,,
Jubilee ,Westbound,WEST HAM,CANNING TOWN,2.13,2.50,2.50,2.38,,,,
Jubilee ,Westbound,CANNING TOWN,NORTH GREENWICH,2.17,3.07,2.99,2.74,,,,
Jubilee ,Westbound,NORTH GREENWICH,CANARY WHARF,1.98,2.55,2.50,2.34,,,,
Jubilee ,Westbound,CANARY WHARF,CANADA WATER,2.63,3.00,3.00,2.88,,,,
Jubilee ,Westbound,CANADA WATER,BERMONDSEY,1.52,2.00,2.00,1.84,,,,
Jubilee ,Westbound,BERMONDSEY,LONDON BRIDGE,2.17,2.50,2.50,2.39,,,,
Jubilee ,Westbound,LONDON BRIDGE,SOUTHWARK,1.77,2.00,2.00,1.92,,,,
Jubilee ,Westbound,SOUTHWARK,WATERLOO,0.97,1.50,1.50,1.32,,,,
Jubilee ,Westbound,WATERLOO,WESTMINSTER,1.43,2.44,2.01,1.96,,,,
Jubilee ,Westbound,WESTMINSTER,GREEN PARK,1.82,2.00,2.01,1.94,,,,
Jubilee ,Westbound,GREEN PARK,BOND STREET,1.82,2.50,2.50,2.27,,,,
Jubilee ,Westbound,BOND STREET,BAKER STREET,2.28,2.50,2.50,2.43,,,,
Jubilee ,Westbound,BAKER STREET,ST JOHNS WOOD,2.85,3.50,3.50,3.28,,,,
Jubilee ,Westbound,ST JOHNS WOOD,SWISS COTTAGE,1.52,1.50,1.50,1.51,,,,
Jubilee ,Westbound,SWISS COTTAGE,FINCHLEY ROAD,1.18,2.00,2.00,1.73,,,,
Jubilee ,Westbound,FINCHLEY ROAD,WEST HAMPSTEAD,1.20,1.50,1.51,1.40,,,,
Jubilee ,Westbound,WEST HAMPSTEAD,KILBURN,1.55,2.00,2.00,1.85,,,,
Jubilee ,Westbound,KILBURN,WILLESDEN GREEN,2.07,2.32,2.22,2.20,,,,
Jubilee ,Westbound,WILLESDEN GREEN,DOLLIS HILL,1.67,2.00,2.00,1.89,,,,
Jubilee ,Westbound,DOLLIS HILL,NEASDEN,1.38,1.62,1.50,1.50,,,,
Jubilee ,Westbound,NEASDEN,WEMBLEY PARK,2.65,3.76,3.53,3.32,,,,
Jubilee ,Westbound,WEMBLEY PARK,KINGSBURY,3.47,4.00,4.00,3.82,,,,
Jubilee ,Westbound,KINGSBURY,QUEENSBURY,1.85,2.00,2.00,1.95,,,,
Jubilee ,Westbound,QUEENSBURY,CANONS PARK,2.23,2.50,2.50,2.41,,,,
Jubilee ,Westbound,CANONS PARK,STANMORE,2.87,3.24,3.09,3.07,,,,
Northern ,Southbound,WARREN STREET,GOODGE STREET,1.07,1.50,1.50,1.36,,,,
Northern ,Southbound,GOODGE STREET,TOTTENHAM COURT ROAD,1.32,1.73,1.50,1.51,,,,
Northern ,Southbound,TOTTENHAM COURT ROAD,LEICESTER SQUARE,0.98,1.00,1.00,0.99,,,,
Northern ,Southbound,LEICESTER SQUARE,CHARING CROSS,1.20,1.99,1.50,1.56,,,,
Northern ,Southbound,CHARING CROSS,EMBANKMENT,0.80,1.00,1.00,0.93,,,,
Northern ,Northbound,EMBANKMENT,CHARING CROSS,0.87,1.26,1.00,1.04,,,,
Northern ,Northbound,CHARING CROSS,LEICESTER SQUARE,1.17,1.50,1.50,1.39,,,,
Northern ,Northbound,LEICESTER SQUARE,TOTTENHAM COURT ROAD,1.03,1.50,1.50,1.34,,,,
Northern ,Northbound,TOTTENHAM COURT ROAD,GOODGE STREET,1.28,1.50,1.50,1.43,,,,
Northern ,Northbound,GOODGE STREET,WARREN STREET,1.07,1.50,1.50,1.36,,,,
Piccadilly ,Eastbound,GLOUCESTER ROAD,SOUTH KENSINGTON,1.28,1.50,1.50,1.43,,,,
Piccadilly ,Eastbound,SOUTH KENSINGTON,KNIGHTSBRIDGE,2.48,3.00,3.00,2.83,,,,
Piccadilly ,Eastbound,KNIGHTSBRIDGE,HYDE PARK CORNER,1.10,1.50,1.50,1.37,,,,
Piccadilly ,Eastbound,HYDE PARK CORNER,GREEN PARK,1.73,2.00,2.02,1.92,,,,
Piccadilly ,Eastbound,GREEN PARK,PICCADILLY CIRCUS,1.10,1.50,1.50,1.37,,,,
Piccadilly ,Eastbound,PICCADILLY CIRCUS,LEICESTER SQUARE,1.17,1.50,1.50,1.39,,,,
Piccadilly ,Eastbound,LEICESTER SQUARE,COVENT GARDEN,0.77,1.00,1.01,0.93,,,,
Piccadilly ,Eastbound,COVENT GARDEN,HOLBORN,1.40,1.50,1.50,1.47,,,,
Piccadilly ,Eastbound,HOLBORN,RUSSELL SQUARE,1.55,2.00,2.00,1.85,,,,
Piccadilly ,Eastbound,RUSSELL SQUARE,KINGS CROSS & ST PANCRAS INTERNATIONAL,1.90,2.47,2.05,2.14,,,,
Piccadilly ,Westbound,KINGS CROSS & ST PANCRAS INTERNATIONAL,RUSSELL SQUARE,1.67,2.00,2.00,1.89,,,,
Piccadilly ,Westbound,RUSSELL SQUARE,HOLBORN,1.37,1.50,1.50,1.46,,,,
Piccadilly ,Westbound,HOLBORN,COVENT GARDEN,1.53,2.00,2.00,1.84,,,,
Piccadilly ,Westbound,COVENT GARDEN,LEICESTER SQUARE,0.77,1.00,1.00,0.92,,,,
Piccadilly ,Westbound,LEICESTER SQUARE,PICCADILLY CIRCUS,1.07,1.50,1.50,1.36,,,,
Piccadilly ,Westbound,PICCADILLY CIRCUS,GREEN PARK,1.18,1.50,1.50,1.39,,,,
Piccadilly ,Westbound,GREEN PARK,HYDE PARK CORNER,1.73,2.48,2.02,2.08,,,,
Piccadilly ,Westbound,HYDE PARK CORNER,KNIGHTSBRIDGE,1.12,1.50,1.50,1.37,,,,
Piccadilly ,Westbound,KNIGHTSBRIDGE,SOUTH KENSINGTON,2.23,2.50,2.50,2.41,,,,
Piccadilly ,Westbound,SOUTH KENSINGTON,GLOUCESTER ROAD,1.37,1.50,1.50,1.46,,,,
Circle ,Inner,EDGWARE ROAD,PADDINGTON (CIRCLE),1.85,2.00,2.00,1.95,,,,
Circle ,Inner,PADDINGTON (CIRCLE),BAYSWATER,1.65,2.00,2.00,1.88,,,,
Circle ,Inner,BAYSWATER,NOTTING HILL GATE,1.47,2.00,2.00,1.82,,,,
Circle ,Inner,NOTTING HILL GATE,HIGH STREET KENSINGTON,1.58,3.57,3.36,2.84,,,,
Circle ,Inner,HIGH STREET KENSINGTON,GLOUCESTER ROAD,1.80,2.66,2.90,2.45,,,,
Circle ,Inner,GLOUCESTER ROAD,SOUTH KENSINGTON,1.43,1.50,1.50,1.48,,,,
Circle ,Inner,SOUTH KENSINGTON,SLOANE SQUARE,1.98,2.00,2.00,1.99,,,,
Circle ,Inner,SLOANE SQUARE,VICTORIA,1.80,2.00,2.00,1.93,,,,
Circle ,Inner,VICTORIA,ST JAMES PARK,1.42,1.50,1.50,1.47,,,,
Circle ,Inner,ST JAMES PARK,WESTMINSTER,1.50,2.00,2.00,1.83,,,,
Circle ,Inner,WESTMINSTER,EMBANKMENT,1.37,2.00,2.00,1.79,,,,
Circle ,Inner,EMBANKMENT,TEMPLE,1.37,2.00,2.00,1.79,,,,
Circle ,Inner,TEMPLE,BLACKFRIARS,1.40,2.00,2.00,1.80,,,,
Circle ,Inner,BLACKFRIARS,MANSION HOUSE,1.52,1.95,1.52,1.66,,,,
Circle ,Inner,MANSION HOUSE,CANNON STREET,0.98,1.00,1.00,0.99,,,,
Circle ,Inner,CANNON STREET,MONUMENT,0.97,1.50,1.50,1.32,,,,
Circle ,Inner,MONUMENT,TOWER HILL,1.80,2.00,2.07,1.96,,,,
Circle ,Inner,TOWER HILL,ALDGATE,1.30,4.05,3.18,2.84,,,,
Circle ,Inner,ALDGATE,LIVERPOOL STREET,1.75,2.00,2.42,2.06,,,,
Circle ,Inner,LIVERPOOL STREET,MOORGATE,1.32,1.50,1.50,1.44,,,,
Circle ,Inner,MOORGATE,BARBICAN,1.38,1.50,1.50,1.46,,,,
Circle ,Inner,BARBICAN,FARRINGDON,1.20,1.92,1.51,1.54,,,,
Circle ,Inner,FARRINGDON,KINGS CROSS & ST PANCRAS INTERNATIONAL,3.12,3.50,3.50,3.37,,,,
Circle ,Inner,KINGS CROSS & ST PANCRAS INTERNATIONAL,EUSTON SQUARE,1.65,2.00,2.00,1.88,,,,
Circle ,Inner,EUSTON SQUARE,GREAT PORTLAND STREET,1.30,1.50,1.50,1.43,,,,
Circle ,Inner,GREAT PORTLAND STREET,BAKER STREET,1.57,2.90,2.07,2.18,,,,
Circle ,Inner,BAKER STREET,EDGWARE ROAD,1.88,3.60,3.08,2.86,,,,
Circle ,Inner,EDGWARE ROAD,PADDINGTON (H&C),2.08,2.00,2.00,2.03,,,,
Circle ,Inner,PADDINGTON (H&C),ROYAL OAK,1.33,1.50,1.50,1.44,,,,
Circle ,Inner,ROYAL OAK,WESTBOURNE PARK,1.72,2.00,2.00,1.91,,,,
Circle ,Inner,WESTBOURNE PARK,LADBROKE GROVE,1.48,1.50,1.50,1.49,,,,
Circle ,Inner,LADBROKE GROVE,LATIMER ROAD,1.28,1.50,1.50,1.43,,,,
Circle ,Inner,LATIMER ROAD,WOOD LANE,1.28,1.50,1.50,1.43,,,,
Circle ,Inner,WOOD LANE,SHEPHERDS BUSH MARKET,1.28,1.50,1.50,1.43,,,,
Circle ,Inner,SHEPHERDS BUSH MARKET,GOLDHAWK ROAD,1.15,1.00,1.00,1.05,,,,
Circle ,Inner,GOLDHAWK ROAD,HAMMERSMITH,2.43,3.07,3.03,2.84,,,,
Circle ,Outer,HAMMERSMITH,GOLDHAWK ROAD,2.05,2.00,2.00,2.02,,,,
Circle ,Outer,GOLDHAWK ROAD,SHEPHERDS BUSH MARKET,1.15,1.50,1.50,1.38,,,,
Circle ,Outer,SHEPHERDS BUSH MARKET,WOOD LANE,1.28,1.50,1.50,1.43,,,,
Circle ,Outer,WOOD LANE,LATIMER ROAD,1.28,1.50,1.50,1.43,,,,
Circle ,Outer,LATIMER ROAD,LADBROKE GROVE,1.37,1.50,1.50,1.46,,,,
Circle ,Outer,LADBROKE GROVE,WESTBOURNE PARK,1.48,1.50,1.50,1.49,,,,
Circle ,Outer,WESTBOURNE PARK,ROYAL OAK,1.78,2.00,2.00,1.93,,,,
Circle ,Outer,ROYAL OAK,PADDINGTON (H&C),1.52,2.00,2.00,1.84,,,,
Circle ,Outer,PADDINGTON (H&C),EDGWARE ROAD,2.33,3.71,3.72,3.25,,,,
Circle ,Outer,EDGWARE ROAD,BAKER STREET,1.47,2.84,2.50,2.27,,,,
Circle ,Outer,BAKER STREET,GREAT PORTLAND STREET,1.90,2.00,2.00,1.97,,,,
Circle ,Outer,GREAT PORTLAND STREET,EUSTON SQUARE,1.25,1.50,1.50,1.42,,,,
Circle ,Outer,EUSTON SQUARE,KINGS CROSS & ST PANCRAS INTERNATIONAL,1.75,2.00,2.00,1.92,,,,
Circle ,Outer,KINGS CROSS & ST PANCRAS INTERNATIONAL,FARRINGDON,2.98,3.50,3.50,3.33,,,,
Circle ,Outer,FARRINGDON,BARBICAN,1.22,1.50,1.50,1.41,,,,
Circle ,Outer,BARBICAN,MOORGATE,1.32,1.53,1.50,1.45,,,,
Circle ,Outer,MOORGATE,LIVERPOOL STREET,1.18,1.95,1.51,1.55,,,,
Circle ,Outer,LIVERPOOL STREET,ALDGATE,2.18,2.55,2.51,2.41,,,,
Circle ,Outer,ALDGATE,TOWER HILL,1.37,2.02,2.10,1.83,,,,
Circle ,Outer,TOWER HILL,MONUMENT,1.48,1.50,1.50,1.49,,,,
Circle ,Outer,MONUMENT,CANNON STREET,0.88,1.00,1.00,0.96,,,,
Circle ,Outer,CANNON STREET,MANSION HOUSE,0.93,1.50,1.50,1.31,,,,
Circle ,Outer,MANSION HOUSE,BLACKFRIARS,1.22,1.52,1.50,1.41,,,,
Circle ,Outer,BLACKFRIARS,TEMPLE,1.37,1.50,1.50,1.46,,,,
Circle ,Outer,TEMPLE,EMBANKMENT,1.43,2.00,2.01,1.81,,,,
Circle ,Outer,EMBANKMENT,WESTMINSTER,1.40,1.50,1.50,1.47,,,,
Circle ,Outer,WESTMINSTER,ST JAMES PARK,1.52,1.50,1.50,1.51,,,,
Circle ,Outer,ST JAMES PARK,VICTORIA,1.33,2.00,2.00,1.78,,,,
Circle ,Outer,VICTORIA,SLOANE SQUARE,1.75,2.00,2.00,1.92,,,,
Circle ,Outer,SLOANE SQUARE,SOUTH KENSINGTON,2.00,2.98,2.50,2.49,,,,
Circle ,Outer,SOUTH KENSINGTON,GLOUCESTER ROAD,1.48,2.02,2.54,2.02,,,,
Circle ,Outer,GLOUCESTER ROAD,HIGH STREET KENSINGTON,2.23,3.98,2.92,3.04,,,,
Circle ,Outer,HIGH STREET KENSINGTON,NOTTING HILL GATE,1.68,2.00,2.00,1.89,,,,
Circle ,Outer,NOTTING HILL GATE,BAYSWATER,1.77,2.00,2.00,1.92,,,,
Circle ,Outer,BAYSWATER,PADDINGTON (CIRCLE),1.63,2.45,2.01,2.03,,,,
Circle ,Outer,PADDINGTON (CIRCLE),EDGWARE ROAD,2.15,3.71,3.72,3.19,,,,
London Overground North,Eastbound,RICHMOND,KEW GARDENS,2.72,3.00,3.00,2.91,,,,
London Overground North,Eastbound,KEW GARDENS,GUNNERSBURY,2.65,3.00,3.00,2.88,,,,
London Overground North,Eastbound,GUNNERSBURY,SOUTH ACTON,2.70,3.00,3.00,2.90,,,,
London Overground North,Eastbound,SOUTH ACTON,ACTON CENTRAL,2.79,3.00,3.00,2.93,,,,
London Overground North,Eastbound,ACTON CENTRAL,WILLESDEN JUNCTION,4.50,5.00,8.00,5.83,,,,
London Overground North,Eastbound,WILLESDEN JUNCTION,KENSAL RISE,1.90,3.00,2.00,2.30,,,,
London Overground North,Eastbound,KENSAL RISE,BRONDESBURY PARK,1.75,2.00,2.00,1.92,,,,
London Overground North,Eastbound,BRONDESBURY PARK,BRONDESBURY,1.81,2.00,2.00,1.94,,,,
London Overground North,Eastbound,BRONDESBURY,WEST HAMPSTEAD,1.75,2.00,2.00,1.92,,,,
London Overground North,Eastbound,WEST HAMPSTEAD,FINCHLEY ROAD & FROGNAL,1.62,2.00,2.00,1.87,,,,
London Overground North,Eastbound,FINCHLEY ROAD & FROGNAL,HAMPSTEAD HEATH,1.80,2.00,3.00,2.27,,,,
London Overground North,Eastbound,HAMPSTEAD HEATH,GOSPEL OAK,2.50,3.00,3.00,2.83,,,,
London Overground North,Eastbound,GOSPEL OAK,KENTISH TOWN WEST,1.75,2.00,2.00,1.92,,,,
London Overground North,Eastbound,KENTISH TOWN WEST,CAMDEN ROAD,2.63,3.00,3.00,2.88,,,,
London Overground North,Eastbound,CAMDEN ROAD,CALEDONIAN ROAD & BARNSBURY,2.63,3.00,3.00,2.88,,,,
London Overground North,Eastbound,CALEDONIAN ROAD & BARNSBURY,HIGHBURY & ISLINGTON,1.90,3.00,2.00,2.30,,,,
London Overground North,Eastbound,HIGHBURY & ISLINGTON,CANONBURY,1.75,2.00,2.00,1.92,,,,
London Overground North,Eastbound,CANONBURY,DALSTON KINGSLAND,1.75,2.00,2.00,1.92,,,,
London Overground North,Eastbound,DALSTON KINGSLAND,HACKNEY CENTRAL,1.75,2.00,2.00,1.92,,,,
London Overground North,Eastbound,HACKNEY CENTRAL,HOMERTON,1.80,3.00,2.00,2.27,,,,
London Overground North,Eastbound,HOMERTON,HACKNEY WICK,1.84,2.00,3.00,2.28,,,,
London Overground North,Eastbound,HACKNEY WICK,STRATFORD,4.75,5.00,6.00,5.25,,,,
London Overground North,Westbound,STRATFORD,HACKNEY WICK,2.75,3.00,3.00,2.92,,,,
London Overground North,Westbound,HACKNEY WICK,HOMERTON,2.75,3.00,3.00,2.92,,,,
London Overground North,Westbound,HOMERTON,HACKNEY CENTRAL,1.91,3.00,2.00,2.30,,,,
London Overground North,Westbound,HACKNEY CENTRAL,DALSTON KINGSLAND,1.91,3.00,2.00,2.30,,,,
London Overground North,Westbound,DALSTON KINGSLAND,CANONBURY,1.65,2.00,2.00,1.88,,,,
London Overground North,Westbound,CANONBURY,HIGHBURY & ISLINGTON,2.64,3.00,3.00,2.88,,,,
London Overground North,Westbound,HIGHBURY & ISLINGTON,CALEDONIAN ROAD & BARNSBURY,1.71,2.00,2.00,1.90,,,,
London Overground North,Westbound,CALEDONIAN ROAD & BARNSBURY,CAMDEN ROAD,3.87,4.00,5.00,4.29,,,,
London Overground North,Westbound,CAMDEN ROAD,KENTISH TOWN WEST,1.94,2.00,3.00,2.31,,,,
London Overground North,Westbound,KENTISH TOWN WEST,GOSPEL OAK,1.91,3.00,2.00,2.30,,,,
London Overground North,Westbound,GOSPEL OAK,HAMPSTEAD HEATH,1.75,2.00,2.00,1.92,,,,
London Overground North,Westbound,HAMPSTEAD HEATH,FINCHLEY ROAD & FROGNAL,1.61,2.00,2.00,1.87,,,,
London Overground North,Westbound,FINCHLEY ROAD & FROGNAL,WEST HAMPSTEAD,2.67,3.00,3.00,2.89,,,,
London Overground North,Westbound,WEST HAMPSTEAD,BRONDESBURY,1.74,2.00,2.00,1.91,,,,
London Overground North,Westbound,BRONDESBURY,BRONDESBURY PARK,0.82,1.00,1.00,0.94,,,,
London Overground North,Westbound,BRONDESBURY PARK,KENSAL RISE,1.91,2.00,2.00,1.97,,,,
London Overground North,Westbound,KENSAL RISE,WILLESDEN JUNCTION,3.67,5.00,4.00,4.22,,,,
London Overground North,Westbound,WILLESDEN JUNCTION,ACTON CENTRAL,4.56,5.00,6.00,5.19,,,,
London Overground North,Westbound,ACTON CENTRAL,SOUTH ACTON,2.78,3.00,3.00,2.93,,,,
London Overground North,Westbound,SOUTH ACTON,GUNNERSBURY,2.62,3.00,3.00,2.87,,,,
London Overground North,Westbound,GUNNERSBURY,KEW GARDENS,2.52,3.00,3.00,2.84,,,,
London Overground North,Westbound,KEW GARDENS,RICHMOND,3.71,4.00,4.00,3.90,,,,
Elizabeth Line,Westbound,FARRINGDON,TOTTENHAM COURT ROAD,2.71,3.00,3.00,2.90,,,,
Elizabeth Line,Westbound,TOTTENHAM COURT ROAD,BOND STREET,1.77,2.00,2.00,1.92,,,,
Elizabeth Line,Westbound,BOND STREET,PADDINGTON (CIRCLE),3.41,4.00,4.00,3.80,,,,
Elizabeth Line,Eastbound,PADDINGTON (CIRCLE),BOND STREET,2.76,3.00,3.00,2.92,,,,
Elizabeth Line,Eastbound,BOND STREET,TOTTENHAM COURT ROAD,2.67,3.00,2.00,2.56,,,,
Elizabeth Line,Eastbound,TOTTENHAM COURT ROAD,FARRINGDON,2.71,3.00,3.00,2.90,,,,